{"count":1,"self":760.35112959999992,"total":1471.59216,"children":{"InitializeActuators":{"count":12,"self":0.0023829999999999997,"total":0.0023829999999999997,"children":null},"InitializeSensors":{"count":12,"self":0.0018059999999999999,"total":0.0018059999999999999,"children":null},"AgentSendState":{"count":311934,"self":3.7788527999999997,"total":193.095263,"children":{"CollectObservations":{"count":748644,"self":3.1073199999999996,"total":3.1073199999999996,"children":null},"WriteActionMask":{"count":748644,"self":0.700009,"total":0.700009,"children":null},"RequestDecision":{"count":748644,"self":2.692504,"total":185.50908099999998,"children":{"AgentInfo.ToProto":{"count":748644,"self":3.319091,"total":182.816577,"children":{"GenerateSensorData":{"count":748644,"self":179.4974848,"total":179.49748599999998,"children":null}}}}}}},"DecideAction":{"count":311934,"self":506.6686976,"total":506.668709,"children":null},"AgentAct":{"count":311934,"self":3.206063,"total":3.206063,"children":null},"AgentInfo.ToProto":{"count":26033,"self":0.234114,"total":8.265302,"children":{"GenerateSensorData":{"count":26033,"self":8.031188,"total":8.031188,"children":null}}}},"gauges":{"My Behavior.CumulativeReward":{"count":26033,"max":16.5500126,"min":-24.3000088,"runningAverage":5.358165,"value":8.37,"weightedAverage":5.76071548}},"metadata":{"timer_format_version":"0.1.0","start_time_seconds":"1690230779","unity_version":"2022.3.0f1","command_line_arguments":"\/Applications\/Unity\/Hub\/Editor\/2022.3.0f1\/Unity.app\/Contents\/MacOS\/Unity -projectpath \/Users\/laurendemaio\/Documents\/GitHub\/MLagentObstacleCourse-SUR -useHub -hubIPC -cloudEnvironment production -licensingIpc LicenseClient-laurendemaio -hubSessionId 29473ac1-d798-4532-83ca-cb8f9551fee9 -accessToken OVJxIynp_4QY6Zu73QLiW513YH2RKjXgrzvrs8wgBRA002f","communication_protocol_version":"1.5.0","com.unity.ml-agents_version":"2.0.1","scene_name":"OnePlat","end_time_seconds":"1690232251"}}