{"count":1,"self":193.2995968,"total":615.087905,"children":{"InitializeActuators":{"count":12,"self":0.002294,"total":0.002294,"children":null},"InitializeSensors":{"count":12,"self":0.001758,"total":0.001758,"children":null},"AgentSendState":{"count":168151,"self":2.053973,"total":113.78365,"children":{"CollectObservations":{"count":403572,"self":2.1458619999999997,"total":2.1458619999999997,"children":null},"WriteActionMask":{"count":403572,"self":0.39881,"total":0.39881,"children":null},"RequestDecision":{"count":403572,"self":1.49522,"total":109.18500499999999,"children":{"AgentInfo.ToProto":{"count":403572,"self":1.8360409999999998,"total":107.689785,"children":{"GenerateSensorData":{"count":403572,"self":105.8537472,"total":105.85374399999999,"children":null}}}}}}},"DecideAction":{"count":168151,"self":301.348352,"total":301.348353,"children":null},"AgentAct":{"count":168151,"self":5.1479599999999994,"total":5.1479599999999994,"children":null},"AgentInfo.ToProto":{"count":4885,"self":0.043325999999999996,"total":1.5026009999999999,"children":{"GenerateSensorData":{"count":4885,"self":1.4592749999999999,"total":1.4592749999999999,"children":null}}}},"gauges":{"My Behavior.CumulativeReward":{"count":4885,"max":5.97999859,"min":-2.13999915,"runningAverage":-0.5782107,"value":-0.190000549,"weightedAverage":-0.216765016}},"metadata":{"timer_format_version":"0.1.0","start_time_seconds":"1689801453","unity_version":"2022.3.0f1","command_line_arguments":"\/Applications\/Unity\/Hub\/Editor\/2022.3.0f1\/Unity.app\/Contents\/MacOS\/Unity -projectpath \/Users\/laurendemaio\/Documents\/GitHub\/MLagentObstacleCourse-SUR -useHub -hubIPC -cloudEnvironment production -licensingIpc LicenseClient-laurendemaio -hubSessionId 2b32684c-8837-45ab-80f6-c1882ef174c7 -accessToken hRBejf0Axwj_UgP3RdKx61jguL7cl9Vvl82EehKtINo002f","communication_protocol_version":"1.5.0","com.unity.ml-agents_version":"2.0.1","scene_name":"SampleScene","end_time_seconds":"1689802068"}}