{"count":1,"self":66.9645504,"total":235.43564429999998,"children":{"InitializeActuators":{"count":12,"self":0.0025204,"total":0.0025204,"children":null},"InitializeSensors":{"count":12,"self":0.0015053999999999998,"total":0.0015053999999999998,"children":null},"AgentSendState":{"count":70801,"self":0.7373417,"total":3.4353287,"children":{"CollectObservations":{"count":169932,"self":0.9198293,"total":0.9198293,"children":null},"WriteActionMask":{"count":169932,"self":0.1071529,"total":0.1071529,"children":null},"RequestDecision":{"count":169932,"self":0.4709757,"total":1.6710048,"children":{"AgentInfo.ToProto":{"count":169932,"self":0.3974603,"total":1.2000290999999998,"children":{"GenerateSensorData":{"count":169932,"self":0.8025688,"total":0.8025688,"children":null}}}}}}},"DecideAction":{"count":70801,"self":164.27768319999998,"total":164.2776896,"children":null},"AgentAct":{"count":70801,"self":0.61115869999999994,"total":0.61115869999999994,"children":null},"AgentInfo.ToProto":{"count":3623,"self":0.054214899999999996,"total":0.1403808,"children":{"GenerateSensorData":{"count":3623,"self":0.08616589999999999,"total":0.08616589999999999,"children":null}}}},"gauges":{"My Behavior.CumulativeReward":{"count":3623,"max":20.8700085,"min":-24.13,"runningAverage":2.1814,"value":12.58,"weightedAverage":12.5979853}},"metadata":{"timer_format_version":"0.1.0","start_time_seconds":"1690485685","unity_version":"2022.3.0f1","command_line_arguments":"C:\\Users\\mm179\\OneDrive\\Documents\\2022.3.0f1\\Editor\\Unity.exe -projectpath C:\\Users\\mm179\\OneDrive\\Documents\\GitHub\\MLagentObstacleCourse-SUR -useHub -hubIPC -cloudEnvironment production -licensingIpc LicenseClient-mm179 -hubSessionId 1969a552-09cf-4333-b643-304c8d3bd27f -accessToken YhGHjmymqGOnYRd_YU7WNrS_0vBcHU2pdPTiXFqPsR8002f","communication_protocol_version":"1.5.0","com.unity.ml-agents_version":"2.0.1","scene_name":"Train_Plat3","end_time_seconds":"1690485920"}}