{"count":1,"self":155.8950528,"total":375.305234,"children":{"InitializeActuators":{"count":12,"self":0.0026179999999999997,"total":0.0026179999999999997,"children":null},"InitializeSensors":{"count":12,"self":0.0018319999999999999,"total":0.0018319999999999999,"children":null},"AgentSendState":{"count":100067,"self":1.221585,"total":4.777648,"children":{"CollectObservations":{"count":240168,"self":0.480546,"total":0.480546,"children":null},"WriteActionMask":{"count":240168,"self":0.20663299999999998,"total":0.20663299999999998,"children":null},"RequestDecision":{"count":240168,"self":0.819178,"total":2.868884,"children":{"AgentInfo.ToProto":{"count":240168,"self":0.763903,"total":2.049706,"children":{"GenerateSensorData":{"count":240168,"self":1.285803,"total":1.285803,"children":null}}}}}}},"DecideAction":{"count":100067,"self":213.22879999999998,"total":213.22879799999998,"children":null},"AgentAct":{"count":100067,"self":1.2118339999999999,"total":1.2118339999999999,"children":null},"AgentInfo.ToProto":{"count":8130,"self":0.080582,"total":0.18578499999999998,"children":{"GenerateSensorData":{"count":8130,"self":0.10520299999999999,"total":0.10520299999999999,"children":null}}}},"gauges":{"My Behavior.CumulativeReward":{"count":8130,"max":16.7399979,"min":-25.8300076,"runningAverage":6.69100428,"value":12.3,"weightedAverage":10.7983685}},"metadata":{"timer_format_version":"0.1.0","start_time_seconds":"1690835305","unity_version":"2022.3.0f1","command_line_arguments":"\/Applications\/Unity\/Hub\/Editor\/2022.3.0f1\/Unity.app\/Contents\/MacOS\/Unity -projectpath \/Users\/laurendemaio\/Documents\/GitHub\/MLagentObstacleCourse-SUR -useHub -hubIPC -cloudEnvironment production -licensingIpc LicenseClient-laurendemaio -hubSessionId 2e894e79-475a-4c9c-bcfe-5a3df18e875b -accessToken gt9I42OlCn8SVqXjn62LxjsPbQ3V-_93jYBP7VQTnvw002f","communication_protocol_version":"1.5.0","com.unity.ml-agents_version":"2.0.1","scene_name":"Train_Plat1","end_time_seconds":"1690835681"}}