{"count":1,"self":52.0599584,"total":192.1728059,"children":{"InitializeActuators":{"count":12,"self":0.0024113999999999997,"total":0.0024113999999999997,"children":null},"InitializeSensors":{"count":12,"self":0.0025142999999999997,"total":0.0025142999999999997,"children":null},"AgentSendState":{"count":56334,"self":0.61204649999999994,"total":2.5051861,"children":{"CollectObservations":{"count":135204,"self":0.4776031,"total":0.4776031,"children":null},"WriteActionMask":{"count":135204,"self":0.0972589,"total":0.0972589,"children":null},"RequestDecision":{"count":135204,"self":0.4098205,"total":1.3182776,"children":{"AgentInfo.ToProto":{"count":135204,"self":0.3540684,"total":0.90845709999999991,"children":{"GenerateSensorData":{"count":135204,"self":0.5543887,"total":0.5543887,"children":null}}}}}}},"DecideAction":{"count":56334,"self":136.9742976,"total":136.9742954,"children":null},"AgentAct":{"count":56334,"self":0.5175628,"total":0.5175628,"children":null},"AgentInfo.ToProto":{"count":3500,"self":0.039957099999999995,"total":0.1096067,"children":{"GenerateSensorData":{"count":3500,"self":0.069649599999999992,"total":0.069649599999999992,"children":null}}}},"gauges":{"My Behavior.CumulativeReward":{"count":3500,"max":16.7599983,"min":-40.41997,"runningAverage":-0.8384384,"value":12.2300005,"weightedAverage":12.4798012}},"metadata":{"timer_format_version":"0.1.0","start_time_seconds":"1690482892","unity_version":"2022.3.0f1","command_line_arguments":"C:\\Users\\mm179\\OneDrive\\Documents\\2022.3.0f1\\Editor\\Unity.exe -projectpath C:\\Users\\mm179\\OneDrive\\Documents\\GitHub\\MLagentObstacleCourse-SUR -useHub -hubIPC -cloudEnvironment production -licensingIpc LicenseClient-mm179 -hubSessionId 1969a552-09cf-4333-b643-304c8d3bd27f -accessToken YhGHjmymqGOnYRd_YU7WNrS_0vBcHU2pdPTiXFqPsR8002f","communication_protocol_version":"1.5.0","com.unity.ml-agents_version":"2.0.1","scene_name":"Train_Plat1","end_time_seconds":"1690483084"}}