{"count":1,"self":109.67870719999999,"total":354.5266908,"children":{"InitializeActuators":{"count":12,"self":0.0020101,"total":0.0020101,"children":null},"InitializeSensors":{"count":12,"self":0.0015049999999999998,"total":0.0015049999999999998,"children":null},"AgentSendState":{"count":98467,"self":1.1902252,"total":5.8312773999999994,"children":{"CollectObservations":{"count":236328,"self":1.4318567,"total":1.4318567,"children":null},"WriteActionMask":{"count":236328,"self":0.20576429999999998,"total":0.20576429999999998,"children":null},"RequestDecision":{"count":236328,"self":0.778451,"total":3.0034312,"children":{"AgentInfo.ToProto":{"count":236328,"self":0.7822349,"total":2.2249802,"children":{"GenerateSensorData":{"count":236328,"self":1.4427453,"total":1.4427453,"children":null}}}}}}},"DecideAction":{"count":98467,"self":237.69571839999998,"total":237.69571349999998,"children":null},"AgentAct":{"count":98467,"self":1.0836295999999999,"total":1.0836295999999999,"children":null},"AgentInfo.ToProto":{"count":5539,"self":0.09353149999999999,"total":0.23234,"children":{"GenerateSensorData":{"count":5539,"self":0.1388085,"total":0.1388085,"children":null}}}},"gauges":{"My Behavior.CumulativeReward":{"count":5539,"max":20.720005,"min":-39.1099739,"runningAverage":2.47009683,"value":12.43,"weightedAverage":12.80406}},"metadata":{"timer_format_version":"0.1.0","start_time_seconds":"1691016242","unity_version":"2022.3.0f1","command_line_arguments":"C:\\Users\\mm179\\OneDrive\\Documents\\2022.3.0f1\\Editor\\Unity.exe -projectpath C:\\Users\\mm179\\OneDrive\\Documents\\GitHub\\MLagentObstacleCourse-SUR -useHub -hubIPC -cloudEnvironment production -licensingIpc LicenseClient-mm179 -hubSessionId aceb4ae1-a9d8-4fdc-93ad-0237f119941d -accessToken eFnQjOKVzHvNX4onqSCgSgbJ_rLix9xhn3a9hM8Peck002f","communication_protocol_version":"1.5.0","com.unity.ml-agents_version":"2.0.1","scene_name":"Train_Plat2","end_time_seconds":"1691016596"}}