{"count":1,"self":72.6792256,"total":317.80001999999996,"children":{"InitializeActuators":{"count":12,"self":0.00076899999999999994,"total":0.00076899999999999994,"children":null},"InitializeSensors":{"count":12,"self":0.000614,"total":0.000614,"children":null},"AgentSendState":{"count":102767,"self":0.863699,"total":3.828527,"children":{"CollectObservations":{"count":246648,"self":0.67504999999999993,"total":0.67504999999999993,"children":null},"WriteActionMask":{"count":246648,"self":0.170201,"total":0.170201,"children":null},"RequestDecision":{"count":246648,"self":0.61981,"total":2.119577,"children":{"AgentInfo.ToProto":{"count":246648,"self":0.55452499999999993,"total":1.4997669999999999,"children":{"GenerateSensorData":{"count":246648,"self":0.94524199999999992,"total":0.94524199999999992,"children":null}}}}}}},"DecideAction":{"count":102767,"self":240.4260096,"total":240.42601299999998,"children":null},"AgentAct":{"count":102767,"self":0.791038,"total":0.791038,"children":null},"AgentInfo.ToProto":{"count":5536,"self":0.027417,"total":0.073287999999999992,"children":{"GenerateSensorData":{"count":5536,"self":0.045870999999999995,"total":0.045870999999999995,"children":null}}}},"gauges":{"My Behavior.CumulativeReward":{"count":5536,"max":20.850008,"min":-39.9499741,"runningAverage":3.91362333,"value":12.51,"weightedAverage":12.5672874}},"metadata":{"timer_format_version":"0.1.0","start_time_seconds":"1690591560","unity_version":"2022.3.0f1","command_line_arguments":"\/Applications\/Unity\/Hub\/Editor\/2022.3.0f1\/Unity.app\/Contents\/MacOS\/Unity -projectpath \/Users\/carmine\/Documents\/GitHub\/MLagentObstacleCourse-SUR -useHub -hubIPC -cloudEnvironment production -licensingIpc LicenseClient-carmine -hubSessionId 53c5bd7b-32fa-409f-97a6-6611bafd164f -accessToken bps70MChLG4Gncrg2IFYAl4huj0EeTnJpZ7eiuVGMfk002f","communication_protocol_version":"1.5.0","com.unity.ml-agents_version":"2.0.1","scene_name":"Train_Plat2","end_time_seconds":"1690591877"}}