{"count":1,"self":53.2400192,"total":198.754445,"children":{"InitializeActuators":{"count":12,"self":0.0064719999999999995,"total":0.0064719999999999995,"children":null},"InitializeSensors":{"count":12,"self":0.005443,"total":0.005443,"children":null},"AgentSendState":{"count":55634,"self":0.519118,"total":2.05967,"children":{"CollectObservations":{"count":133524,"self":0.28096899999999997,"total":0.28096899999999997,"children":null},"WriteActionMask":{"count":133524,"self":0.09310199999999999,"total":0.09310199999999999,"children":null},"RequestDecision":{"count":133524,"self":0.357943,"total":1.1664809999999999,"children":{"AgentInfo.ToProto":{"count":133524,"self":0.28879499999999997,"total":0.808538,"children":{"GenerateSensorData":{"count":133524,"self":0.519743,"total":0.519743,"children":null}}}}}}},"DecideAction":{"count":55634,"self":142.8695552,"total":142.869561,"children":null},"AgentAct":{"count":55634,"self":0.47975399999999996,"total":0.47975399999999996,"children":null},"AgentInfo.ToProto":{"count":4445,"self":0.030861999999999997,"total":0.090491999999999989,"children":{"GenerateSensorData":{"count":4445,"self":0.059629999999999996,"total":0.059629999999999996,"children":null}}}},"gauges":{"My Behavior.CumulativeReward":{"count":4445,"max":12.6,"min":-24.210001,"runningAverage":-1.77058351,"value":11.32,"weightedAverage":11.84201}},"metadata":{"timer_format_version":"0.1.0","start_time_seconds":"1690400344","unity_version":"2022.3.0f1","command_line_arguments":"\/Applications\/Unity\/Hub\/Editor\/2022.3.0f1\/Unity.app\/Contents\/MacOS\/Unity -projectpath \/Users\/cguida\/Documents\/GitHub\/MLagentObstacleCourse-SUR -useHub -hubIPC -cloudEnvironment production -licensingIpc LicenseClient-cguida -hubSessionId 42ac5ad2-6e21-4b4b-88ab-6057b816a4d7","communication_protocol_version":"1.5.0","com.unity.ml-agents_version":"2.0.1","scene_name":"Train_Plat0","end_time_seconds":"1690400543"}}